consensus_label,accuracy_%
2/5,0.0
3/5,28.57142857142857
4/5,33.33333333333333
5/5,50.0
