consensus_label,accuracy_%,coverage_%
2/5,0.0,4.166666666666666
3/5,28.57142857142857,11.666666666666666
4/5,33.33333333333333,12.5
5/5,50.0,71.66666666666667
