consensus_label,coverage_%
5/5,71.66666666666667
4/5,12.5
3/5,11.666666666666666
2/5,4.166666666666666
