confidence,accuracy,count,accuracy_%
3.0,0.0,2,0.0
4.0,0.39090909090909093,110,39.09090909090909
5.0,0.5,8,50.0
