threshold,coverage_%,accuracy_%,n
1,100.0,39.166666666666664,120
2,100.0,39.166666666666664,120
3,100.0,39.166666666666664,120
4,98.33333333333333,39.83050847457627,118
5,6.666666666666667,50.0,8
