answer,count,accuracy_%
1,33,54.54545454545454
2,34,38.23529411764706
3,25,52.0
4,28,50.0
