confidence,accuracy,count,accuracy_%
3,0.0,2,0.0
4,0.5581395348837209,43,55.81395348837209
5,0.6351351351351351,74,63.51351351351351
