vote_ratio_bucket,<=1s,1-2s,2-3s,3-5s,5-10s,>10s
0-0.6,,,,100.0,65.0,75.0
0.6-0.7,,,,,,
0.7-0.8,,,,,56.25,77.77777777777779
0.8-0.9,,,,,,
0.9-1.0,,,,50.0,40.54054054054054,44.44444444444444
