n_common,120.0
acc_zero_%,48.333333333333336
acc_few_%,55.00000000000001
same_answer_%,82.5
gain_%,10.833333333333334
loss_%,4.166666666666666
