conf_round,accuracy_%
80.0,33.33333333333333
82.0,66.66666666666666
83.0,33.33333333333333
84.0,50.0
85.0,0.0
86.0,50.0
87.0,33.33333333333333
88.0,56.25
90.0,52.0
92.0,100.0
94.0,100.0
