conf_round,accuracy_%
0.0,66.66666666666666
1.0,52.991452991452995
