confidence,accuracy,count,accuracy_%
2,0.0,1,0.0
3,0.0,2,0.0
4,0.4888888888888889,45,48.888888888888886
5,0.647887323943662,71,64.7887323943662
