exp_len_bucket,1,2,3,4
<=10,40.0,50.0,0.0,0.0
10-20,100.0,33.33333333333333,25.0,75.0
20-40,38.46153846153847,37.5,33.33333333333333,45.45454545454545
40-80,50.0,12.5,25.0,25.0
80-160,,,,
>160,,,,
