answer,count,accuracy_%
1,32,40.625
2,35,25.71428571428571
3,28,53.57142857142857
4,25,44.0
