confidence,accuracy,count,accuracy_%
1,0.0,1,0.0
4,0.5357142857142857,56,53.57142857142857
5,0.6290322580645161,62,62.903225806451616
