answer,count,accuracy_%
1,36,61.111111111111114
2,31,38.70967741935484
3,25,60.0
4,27,55.55555555555556
