conf_round,accuracy_%
78.0,0.0
80.0,41.17647058823529
82.0,38.46153846153847
83.0,28.57142857142857
84.0,28.57142857142857
85.0,100.0
86.0,50.0
88.0,25.0
90.0,56.52173913043478
92.0,50.0
96.0,50.0
98.0,100.0
100.0,100.0
