threshold,coverage_%,accuracy_%,n
1,100.0,43.333333333333336,120
2,100.0,43.333333333333336,120
3,100.0,43.333333333333336,120
4,100.0,43.333333333333336,120
5,100.0,43.333333333333336,120
