consensus_label,accuracy_%,coverage_%
0/5,0.0,0.8333333333333334
1/5,28.57142857142857,11.666666666666666
2/5,44.44444444444444,15.0
3/5,28.57142857142857,40.833333333333336
4/5,37.5,13.333333333333334
5/5,45.45454545454545,18.333333333333332
