consensus_label,accuracy_%
1/5,28.57142857
2/5,44.44444444
3/5,28.57142857
4/5,37.5
5/5,45.45454545
