consensus_label,coverage_%
3/5,40.833333333333336
5/5,18.333333333333332
2/5,15.0
4/5,13.333333333333334
1/5,11.666666666666666
0/5,0.8333333333333334
