vote_ratio_bucket,<=1s,1-2s,2-3s,3-5s,5-10s,>10s
0-0.6,,80.0,50.0,100.0,100.0,84.61538461538461
0.6-0.7,,,,75.0,100.0,
0.7-0.8,,,100.0,60.0,100.0,76.92307692307692
0.8-0.9,,,,,,
0.9-1.0,,45.45454545454546,40.0,57.89473684210527,72.72727272727273,66.66666666666667
