answer,count,accuracy_%
1,28,35.714285714285715
2,39,33.33333333333333
3,28,28.57142857142857
4,25,36.0
