consensus_label,accuracy_%
0/5,0.0
1/5,75.0
2/5,28.57142857142857
3/5,36.36363636363637
4/5,37.03703703703704
5/5,63.888888888888886
