consensus_label,accuracy_%,coverage_%
0/5,0.0,1.6666666666666667
1/5,75.0,3.3333333333333335
2/5,28.57142857142857,5.833333333333333
3/5,36.36363636363637,36.666666666666664
4/5,37.03703703703704,22.5
5/5,63.888888888888886,30.0
