consensus_label,accuracy_%
1/5,75
2/5,28.57142857
3/5,36.36363636
4/5,37.03703704
5/5,63.88888889
