consensus_label,coverage_%
3/5,36.666666666666664
5/5,30.0
4/5,22.5
2/5,5.833333333333333
1/5,3.3333333333333335
0/5,1.6666666666666667
