answer_final,accuracy_%
1,41.37931034482759
2,37.5
3,46.15384615384615
4,45.0
