confidence,accuracy,count,accuracy_%
3.0,0.5,2,50.0
4.0,0.48672566371681414,113,48.67256637168141
5.0,0.5,4,50.0
