threshold,coverage_%,accuracy_%,n
1,99.16666666666667,48.739495798319325,119
2,99.16666666666667,48.739495798319325,119
3,99.16666666666667,48.739495798319325,119
4,97.5,48.717948717948715,117
5,3.3333333333333335,50.0,4
