answer,count,accuracy_%
1,26,65.38461538461539
2,33,33.33333333333333
3,32,43.75
4,29,44.827586206896555
