answer,count,accuracy_%
1,34,41.17647058823529
2,34,29.411764705882355
3,26,42.30769230769231
4,26,46.15384615384615
