answer,count,accuracy_%
1,31,67.74193548387096
2,33,51.515151515151516
3,29,58.620689655172406
4,27,48.148148148148145
