answer_final,accuracy_%
1,60.0
2,38.70967741935484
3,51.515151515151516
4,53.84615384615385
