answer,count,accuracy_%
1,26,53.84615384615385
2,29,37.93103448275862
3,32,50.0
4,33,45.45454545454545
