confidence,accuracy,count,accuracy_%
3.0,0.25,24,25.0
4.0,0.3956043956043956,91,39.56043956043956
5.0,0.6,5,60.0
