confidence,accuracy,count,accuracy_%
4.0,0.5283018867924528,53,52.83018867924528
5.0,0.4925373134328358,67,49.25373134328358
