threshold,coverage_%,accuracy_%,n
1,100.0,50.83333333333333,120
2,100.0,50.83333333333333,120
3,100.0,50.83333333333333,120
4,100.0,50.83333333333333,120
5,55.833333333333336,49.25373134328358,67
