conf_mean_bucket,1,2,3,4
0-20,,,,
20-40,,,,
40-60,,,,
60-80,37.5,50.0,66.66666666666666,25.0
80-100,36.84210526315789,34.375,59.25925925925925,54.54545454545454
