conf_vote_bin,accuracy_%
"(-0.001, 0.1]",
"(0.1, 0.2]",
"(0.2, 0.3]",
"(0.3, 0.4]",50.0
"(0.4, 0.5]",12.5
"(0.5, 0.6]",36.666666666666664
"(0.6, 0.7]",
"(0.7, 0.8]",48.0
"(0.8, 0.9]",
"(0.9, 1.0]",54.71698113207547
