threshold,coverage_%,accuracy_%,n
80.0,100.0,45.83333333333333,120
83.6,70.0,42.857142857142854,84
87.2,41.66666666666667,46.0,50
90.8,10.0,58.333333333333336,12
94.4,5.833333333333333,42.857142857142854,7
98.0,0.8333333333333334,0.0,1
