threshold,coverage_%,accuracy_%
80,100,45.83333333
83.6,70,42.85714286
87.2,41.66666667,46
90.8,10,58.33333333
94.4,5.833333333,42.85714286
98,0.833333333,0
