answer,count,accuracy_%
1,31,54.83870967741935
2,31,45.16129032258064
3,33,60.60606060606061
4,25,56.00000000000001
