answer,count,accuracy_%
1,35,65.71428571428571
2,33,48.484848484848484
3,24,66.66666666666666
4,27,51.85185185185185
