answer_final,accuracy_%
1,48.484848484848484
2,33.33333333333333
3,57.692307692307686
4,47.82608695652174
