confidence,accuracy,count,accuracy_%
3.0,0.0,3,0.0
4.0,0.44144144144144143,111,44.14414414414414
5.0,0.8333333333333334,6,83.33333333333334
