threshold,coverage_%,accuracy_%,n
1,100.0,45.0,120
2,100.0,45.0,120
3,100.0,45.0,120
4,97.5,46.15384615384615,117
5,5.0,83.33333333333334,6
