confidence,accuracy,count,accuracy_%
2,0.3333333333333333,3,33.33333333333333
3,0.4375,16,43.75
4,0.5342465753424658,73,53.42465753424658
5,0.8148148148148148,27,81.48148148148148
