threshold,coverage_%,accuracy_%,n
1,100.0,49.166666666666664,120
2,100.0,49.166666666666664,120
3,100.0,49.166666666666664,120
4,55.00000000000001,54.54545454545454,66
5,0.8333333333333334,100.0,1
