confidence,accuracy,count,accuracy_%
3,0.47058823529411764,17,47.05882352941176
4,0.47572815533980584,103,47.57281553398058
