threshold,coverage_%,accuracy_%,n
1,100.0,47.5,120
2,100.0,47.5,120
3,100.0,47.5,120
4,85.83333333333333,47.57281553398058,103
5,0.0,,0
