answer,count,accuracy_%
1,32,59.375
2,31,41.935483870967744
3,29,68.96551724137932
4,27,48.148148148148145
