answer,count,accuracy_%
1,25,44.0
2,31,32.25806451612903
3,34,44.11764705882353
4,30,46.666666666666664
