confidence,accuracy,count,accuracy_%
3,0.2,5,20.0
4,0.35294117647058826,51,35.294117647058826
5,0.46875,64,46.875
