threshold,coverage_%,accuracy_%,n
1,100.0,40.833333333333336,120
2,100.0,40.833333333333336,120
3,100.0,40.833333333333336,120
4,95.83333333333334,41.73913043478261,115
5,53.333333333333336,46.875,64
