conf_round,accuracy_%
87.0,100.0
88.0,75.0
90.0,41.81818181818181
92.0,42.857142857142854
93.0,0.0
94.0,40.0
96.0,33.33333333333333
97.0,100.0
98.0,62.5
100.0,44.44444444444444
