answer,count,accuracy_%
1,24,54.166666666666664
2,31,32.25806451612903
3,35,42.857142857142854
4,30,46.666666666666664
