answer,count,accuracy_%
1,31,67.74193548387096
2,34,47.05882352941176
3,26,61.53846153846154
4,29,55.172413793103445
