confidence,accuracy,count,accuracy_%
2,0.5,4,50.0
3,0.4,25,40.0
4,0.42857142857142855,56,42.857142857142854
5,0.9117647058823529,34,91.17647058823529
