n_common,120.0
acc_zero_%,52.5
acc_few_%,45.83333333333333
same_answer_%,87.5
gain_%,1.6666666666666667
loss_%,8.333333333333332
