answer_final,accuracy_%
1,56.25
2,41.37931034482759
3,56.666666666666664
4,51.724137931034484
