answer,count,accuracy_%
1,32,50.0
2,29,34.48275862068966
3,33,42.42424242424242
4,26,34.61538461538461
