vote_ratio_bucket,accuracy_%
0-0.6,21.052631578947366
0.6-0.7,
0.7-0.8,33.33333333333333
0.8-0.9,
0.9-1.0,50.0
