vote_ratio_bucket,2/5,3/5,4/5,5/5
0-0.6,82.0,82.36428571428571,,
0.6-0.7,,,,
0.7-0.8,,,83.33333333333333,
0.8-0.9,,,,
0.9-1.0,,,,86.09302325581395
