n_common,120.0
acc_zero_%,47.5
acc_few_%,43.333333333333336
same_answer_%,85.83333333333333
gain_%,3.3333333333333335
loss_%,7.5
