confidence,accuracy,count,accuracy_%
4,0.42857142857142855,105,42.857142857142854
5,0.5333333333333333,15,53.333333333333336
