answer,count,accuracy_%
1,27,66.66666666666666
2,31,38.70967741935484
3,33,48.484848484848484
4,28,39.285714285714285
