confidence,accuracy,count,accuracy_%
3.0,1.0,2,100.0
4.0,0.19230769230769232,52,19.230769230769234
5.0,0.42424242424242425,66,42.42424242424242
