threshold,coverage_%,accuracy_%,n
1,100.0,33.33333333333333,120
2,100.0,33.33333333333333,120
3,100.0,33.33333333333333,120
4,98.33333333333333,32.20338983050847,118
5,55.00000000000001,42.42424242424242,66
