confidence,accuracy,count,accuracy_%
3,0.2857142857142857,14,28.57142857142857
4,0.47058823529411764,102,47.05882352941176
5,0.75,4,75.0
