threshold,coverage_%,accuracy_%,n
1,100.0,45.83333333333333,120
2,100.0,45.83333333333333,120
3,100.0,45.83333333333333,120
4,88.33333333333333,48.113207547169814,106
5,3.3333333333333335,75.0,4
