confidence,accuracy,count,accuracy_%
3,0.0,1,0.0
4,0.46788990825688076,109,46.788990825688074
5,0.6,10,60.0
