threshold,coverage_%,accuracy_%,n
1,100.0,47.5,120
2,100.0,47.5,120
3,100.0,47.5,120
4,99.16666666666667,47.89915966386555,119
5,8.333333333333332,60.0,10
