answer_final,accuracy_%
1,44.0
2,32.432432432432435
3,26.47058823529412
4,39.130434782608695
