conf_round,accuracy_%
76.0,0.0
77.0,0.0
78.0,33.33333333333333
80.0,21.666666666666668
82.0,20.0
83.0,50.0
84.0,50.0
86.0,66.66666666666666
87.0,0.0
88.0,75.0
90.0,20.0
94.0,50.0
