threshold,coverage_%,accuracy_%,n
1,100.0,27.27272727272727,99
2,100.0,27.27272727272727,99
3,100.0,27.27272727272727,99
4,100.0,27.27272727272727,99
5,100.0,27.27272727272727,99
