confidence,accuracy,count,accuracy_%
3.0,0.0,2,0.0
4.0,0.5303030303030303,66,53.03030303030303
5.0,0.5769230769230769,52,57.692307692307686
