threshold,coverage_%,accuracy_%,n
1,100.0,54.166666666666664,120
2,100.0,54.166666666666664,120
3,100.0,54.166666666666664,120
4,98.33333333333333,55.08474576271186,118
5,43.333333333333336,57.692307692307686,52
