confidence,accuracy,count,accuracy_%
3,0.25,12,25.0
4,0.5242718446601942,103,52.42718446601942
5,0.4,5,40.0
