threshold,coverage_%,accuracy_%,n
1,100.0,49.166666666666664,120
2,100.0,49.166666666666664,120
3,100.0,49.166666666666664,120
4,90.0,51.85185185185185,108
5,4.166666666666666,40.0,5
