confidence,accuracy,count,accuracy_%
3,0.0,4,0.0
4,0.4774774774774775,111,47.74774774774775
5,1.0,5,100.0
