threshold,coverage_%,accuracy_%,n
1,100.0,48.333333333333336,120
2,100.0,48.333333333333336,120
3,100.0,48.333333333333336,120
4,96.66666666666667,50.0,116
5,4.166666666666666,100.0,5
