conf_round,accuracy_%
0.0,33.33333333333333
1.0,52.63157894736842
