conf_round,accuracy_%
75.0,100.0
80.0,66.66666666666666
82.0,36.36363636363637
83.0,50.0
84.0,100.0
85.0,33.33333333333333
86.0,0.0
87.0,25.0
88.0,35.294117647058826
90.0,65.38461538461539
92.0,66.66666666666666
93.0,40.0
94.0,100.0
95.0,50.0
96.0,100.0
98.0,57.14285714285714
100.0,40.0
