threshold,coverage_%,accuracy_%,n
1,100.0,51.66666666666667,120
2,100.0,51.66666666666667,120
3,100.0,51.66666666666667,120
4,100.0,51.66666666666667,120
5,100.0,51.66666666666667,120
