confidence,accuracy,count,accuracy_%
4.0,0.44329896907216493,97,44.329896907216494
5.0,0.6521739130434783,23,65.21739130434783
