threshold,coverage_%,accuracy_%,n
1,100.0,48.333333333333336,120
2,100.0,48.333333333333336,120
3,100.0,48.333333333333336,120
4,100.0,48.333333333333336,120
5,19.166666666666668,65.21739130434783,23
