exp_len_bucket,1,2,3,4
<=10,,,,
10-20,,,0.0,0.0
20-40,46.666666666666664,30.76923076923077,52.94117647058824,43.75
40-80,57.14285714285714,33.33333333333333,16.666666666666664,50.0
80-160,,,,
>160,,,,
