vote_ratio_bucket,2/5,3/5,4/5,5/5
0-0.6,87.91666666666667,84.05357142857143,,
0.6-0.7,,,,
0.7-0.8,,91.65,86.95652173913044,
0.8-0.9,,,,
0.9-1.0,,,90.0,86.64150943396227
