n_common,120.0
acc_zero_%,42.5
acc_few_%,45.83333333333333
same_answer_%,76.66666666666667
gain_%,9.166666666666666
loss_%,5.833333333333333
