answer_final,accuracy_%
1,53.125
2,28.57142857142857
3,32.142857142857146
4,50.0
