conf_mean_bucket,1,2,3,4
0-20,,,,
20-40,,,,
40-60,,,,
60-80,30.434782608695656,33.33333333333333,50.0,23.076923076923077
80-100,83.33333333333334,45.45454545454545,20.0,85.71428571428571
