threshold,coverage_%,accuracy_%
76,100,42.5
79.6,90,40.74074074
83.2,19.16666667,56.52173913
86.8,10,66.66666667
90.4,1.666666667,100
94,1.666666667,100
