threshold,coverage_%,accuracy_%,n
76.0,100.0,42.5,120
79.6,90.0,40.74074074074074,108
83.2,19.166666666666668,56.52173913043478,23
86.8,10.0,66.66666666666666,12
90.4,1.6666666666666667,100.0,2
94.0,1.6666666666666667,100.0,2
