consensus_label,1,2,3,4
2/5,0.0,100.0,0.0,0.0
3/5,33.33333333333333,0.0,14.285714285714285,25.0
4/5,33.33333333333333,40.0,50.0,50.0
5/5,53.84615384615385,39.130434782608695,73.33333333333333,50.0
