consensus_label,accuracy_%,coverage_%
2/5,50.0,1.6666666666666667
3/5,20.0,25.0
4/5,43.47826086956522,19.166666666666668
5/5,52.307692307692314,54.166666666666664
