consensus_label,accuracy_%,coverage_%
2/5,50,1.666666667
3/5,20,25
4/5,43.47826087,19.16666667
5/5,52.30769231,54.16666667
