consensus_label,accuracy_%
2/5,50.0
3/5,20.0
4/5,43.47826086956522
5/5,52.307692307692314
