consensus_label,accuracy_%
2/5,50
3/5,20
4/5,43.47826087
5/5,52.30769231
