consensus_label,coverage_%
5/5,54.166666666666664
3/5,25.0
4/5,19.166666666666668
2/5,1.6666666666666667
