exp_len_bucket,1,2,3,4
<=10,,50.0,,
10-20,100.0,,,100.0
20-40,41.66666666666667,33.33333333333333,37.5,33.33333333333333
40-80,50.0,34.61538461538461,66.66666666666666,47.368421052631575
80-160,,0.0,,
>160,,,,
