answer,count,accuracy_%
1,38,65.78947368421053
2,30,50.0
3,26,73.07692307692307
4,25,68.0
