answer,count,accuracy_%
1,31,54.83870967741935
2,31,35.483870967741936
3,32,50.0
4,26,38.46153846153847
