consensus_label,1,2,3,4
2/5,33.33333333333333,100.0,0.0,0.0
3/5,16.666666666666664,20.0,45.45454545454545,36.36363636363637
4/5,50.0,55.55555555555556,50.0,25.0
5/5,42.857142857142854,28.57142857142857,78.57142857142857,72.72727272727273
