consensus_label,accuracy_%
2/5,50.0
3/5,31.57894736842105
4/5,48.0
5/5,54.71698113207547
