consensus_label,accuracy_%,coverage_%
2/5,50.0,3.3333333333333335
3/5,31.57894736842105,31.666666666666664
4/5,48.0,20.833333333333336
5/5,54.71698113207547,44.166666666666664
