consensus_label,accuracy_%
2/5,50
3/5,31.57894737
4/5,48
5/5,54.71698113
