consensus_label,coverage_%
5/5,44.166666666666664
3/5,31.666666666666664
4/5,20.833333333333336
2/5,3.3333333333333335
