answer,count,accuracy_%
1,35,54.285714285714285
2,27,48.148148148148145
3,27,62.96296296296296
4,31,51.61290322580645
