vote_ratio_bucket,<=1s,1-2s,2-3s,3-5s,5-10s,>10s
0-0.6,,,,,,76.19047619047619
0.6-0.7,,,,,,16.666666666666664
0.7-0.8,,,,,,66.66666666666667
0.8-0.9,,,,,,
0.9-1.0,,,,,,41.02564102564102
