answer_final,accuracy_%
1,35.714285714285715
2,33.33333333333333
3,20.588235294117645
4,26.923076923076923
