conf_mean_bucket,1,2,3,4
0-20,,,,
20-40,,,,
40-60,,,,
60-80,37.5,36.36363636363637,60.0,16.666666666666664
80-100,58.82352941176471,30.434782608695656,44.0,50.0
