conf_vote_bin,accuracy_%
"(-0.001, 0.1]",
"(0.1, 0.2]",
"(0.2, 0.3]",
"(0.3, 0.4]",0.0
"(0.4, 0.5]",0.0
"(0.5, 0.6]",28.57142857142857
"(0.6, 0.7]",
"(0.7, 0.8]",33.33333333333333
"(0.8, 0.9]",
"(0.9, 1.0]",50.0
