threshold,coverage_%,accuracy_%
78,100,43.33333333
82.4,62.5,44
86.8,35.83333333,48.8372093
91.2,6.666666667,62.5
95.6,5,66.66666667
100,0.833333333,100
