threshold,coverage_%,accuracy_%,n
78.0,100.0,43.333333333333336,120
82.4,62.5,44.0,75
86.8,35.833333333333336,48.837209302325576,43
91.2,6.666666666666667,62.5,8
95.6,5.0,66.66666666666666,6
100.0,0.8333333333333334,100.0,1
