conf_mean_bucket,1,2,3,4
0-20,,,,
20-40,,,,
40-60,,,,
60-80,0.0,,100.0,
80-100,35.714285714285715,35.483870967741936,20.588235294117645,33.33333333333333
