threshold,coverage_%,accuracy_%,n
76.7,100.0,30.833333333333336,120
81.36,97.5,30.76923076923077,117
86.02,92.5,31.53153153153153,111
90.68,30.0,27.77777777777778,36
95.34,11.666666666666666,28.57142857142857,14
100.0,10.0,25.0,12
