threshold,coverage_%,accuracy_%
76.7,100,30.83333333
81.36,97.5,30.76923077
86.02,92.5,31.53153153
90.68,30,27.77777778
95.34,11.66666667,28.57142857
100,10,25
