confidence,accuracy,count,accuracy_%
4,0.3925233644859813,107,39.25233644859813
5,0.46153846153846156,13,46.15384615384615
