exp_len_bucket,1,2,3,4
<=10,50.0,100.0,100.0,0.0
10-20,60.0,0.0,25.0,25.0
20-40,58.82352941176471,53.333333333333336,57.14285714285714,53.84615384615385
40-80,66.66666666666666,33.33333333333333,50.0,75.0
80-160,,,,
>160,,,,
