confidence,accuracy,count,accuracy_%
3,0.0,6,0.0
4,0.33707865168539325,89,33.70786516853933
5,0.36,25,36.0
