threshold,coverage_%,accuracy_%,n
1,100.0,32.5,120
2,100.0,32.5,120
3,100.0,32.5,120
4,95.0,34.21052631578947,114
5,20.833333333333336,36.0,25
