answer,count,accuracy_%
1,32,65.625
2,26,42.30769230769231
3,29,51.724137931034484
4,32,43.75
