confidence,accuracy,count,accuracy_%
4,0.4576271186440678,59,45.76271186440678
5,0.6333333333333333,60,63.33333333333333
