consensus_label,1,2,3,4
3/5,40.0,50.0,40.0,45.45454545454545
4/5,55.55555555555556,28.57142857142857,80.0,25.0
5/5,81.25,42.857142857142854,62.5,52.94117647058824
