consensus_label,accuracy_%,coverage_%
3/5,44.0,20.833333333333336
4/5,48.0,20.833333333333336
5/5,58.57142857142858,58.333333333333336
