consensus_label,coverage_%
5/5,58.333333333333336
4/5,20.833333333333336
3/5,20.833333333333336
