vote_ratio_bucket,<=1s,1-2s,2-3s,3-5s,5-10s,>10s
0-0.6,0.0,59.09090909090908,,,100.0,
0.6-0.7,,,,,,
0.7-0.8,50.0,52.17391304347826,,,,
0.8-0.9,,,,,,
0.9-1.0,0.0,50.0,0.0,0.0,,
