answer,count,accuracy_%
1,26,50.0
2,36,41.66666666666667
3,36,50.0
4,22,59.09090909090909
