threshold,coverage_%,accuracy_%,n
1,100.0,40.0,120
2,100.0,40.0,120
3,100.0,40.0,120
4,100.0,40.0,120
5,10.833333333333334,46.15384615384615,13
