vote_ratio_bin,accuracy_%
"(-0.001, 0.1]",
"(0.1, 0.2]",
"(0.2, 0.3]",
"(0.3, 0.4]",25.0
"(0.4, 0.5]",0.0
"(0.5, 0.6]",36.0
"(0.6, 0.7]",
"(0.7, 0.8]",32.142857142857146
"(0.8, 0.9]",
"(0.9, 1.0]",50.877192982456144
