consensus_label,accuracy_%
0/5,0.0
2/5,18.181818181818183
3/5,37.03703703703704
4/5,31.03448275862069
5/5,51.92307692307693
