consensus_label,accuracy_%,coverage_%
0/5,0.0,0.8333333333333334
2/5,18.181818181818183,9.166666666666666
3/5,37.03703703703704,22.5
4/5,31.03448275862069,24.166666666666668
5/5,51.92307692307693,43.333333333333336
