consensus_label,coverage_%
5/5,43.333333333333336
4/5,24.166666666666668
3/5,22.5
2/5,9.166666666666666
0/5,0.8333333333333334
