consensus_label,1,2,3,4
2/5,0.0,100.0,0.0,0.0
3/5,0.0,0.0,28.57142857142857,50.0
4/5,25.0,0.0,50.0,25.0
5/5,40.0,31.25,62.5,58.82352941176471
