consensus_label,accuracy_%
2/5,50.0
3/5,13.636363636363635
4/5,24.0
5/5,47.82608695652174
