consensus_label,accuracy_%,coverage_%
2/5,50.0,3.3333333333333335
3/5,13.636363636363635,18.333333333333332
4/5,24.0,20.833333333333336
5/5,47.82608695652174,57.49999999999999
