consensus_label,coverage_%
5/5,57.49999999999999
4/5,20.833333333333336
3/5,18.333333333333332
2/5,3.3333333333333335
