threshold,coverage_%,accuracy_%
86.7,100,45
89.36,95,42.98245614
92.02,43.33333333,44.23076923
94.68,29.16666667,51.42857143
97.34,21.66666667,50
100,15,44.44444444
