threshold,coverage_%,accuracy_%,n
86.7,100.0,45.0,120
89.36,95.0,42.98245614035088,114
92.02,43.333333333333336,44.230769230769226,52
94.68,29.166666666666668,51.42857142857142,35
97.34,21.666666666666668,50.0,26
100.0,15.0,44.44444444444444,18
