threshold,coverage_%,accuracy_%,n
1,100.0,42.5,120
2,100.0,42.5,120
3,100.0,42.5,120
4,86.66666666666667,44.230769230769226,104
5,3.3333333333333335,100.0,4
