conf_mean_bucket,1,2,3,4
0-20,,,,
20-40,,,,
40-60,,,,
60-80,,50.0,50.0,100.0
80-100,45.714285714285715,32.25806451612903,58.333333333333336,42.10526315789473
