conf_vote_bin,accuracy_%
"(-0.001, 0.1]",0.0
"(0.1, 0.2]",75.0
"(0.2, 0.3]",
"(0.3, 0.4]",28.57142857142857
"(0.4, 0.5]",0.0
"(0.5, 0.6]",42.10526315789473
"(0.6, 0.7]",
"(0.7, 0.8]",37.03703703703704
"(0.8, 0.9]",
"(0.9, 1.0]",63.888888888888886
