threshold,coverage_%,accuracy_%
0,100,45
18.8,98.33333333,45.76271186
37.6,98.33333333,45.76271186
56.4,98.33333333,45.76271186
75.2,98.33333333,45.76271186
94,0.833333333,0
