threshold,coverage_%,accuracy_%,n
0.0,100.0,45.0,120
18.8,98.33333333333333,45.76271186440678,118
37.6,98.33333333333333,45.76271186440678,118
56.4,98.33333333333333,45.76271186440678,118
75.2,98.33333333333333,45.76271186440678,118
94.0,0.8333333333333334,0.0,1
