vote_ratio_bucket,<=1s,1-2s,2-3s,3-5s,5-10s,>10s
0-0.6,,,,100.0,61.111111111111114,42.85714285714286
0.6-0.7,,,,,,
0.7-0.8,,,,19.999999999999996,60.0,52.63157894736843
0.8-0.9,,,,,,
0.9-1.0,,,,36.36363636363637,42.85714285714286,50.0
