answer_final,accuracy_%
1,33.33333333333333
2,35.483870967741936
3,22.857142857142858
4,33.33333333333333
