answer_final,accuracy_%
1,48.64864864864865
2,31.428571428571427
3,38.46153846153847
4,40.909090909090914
