exp_len_bucket,1,2,3,4
<=10,,,,
10-20,,,,100.0
20-40,42.857142857142854,50.0,47.05882352941176,40.909090909090914
40-80,71.42857142857143,31.25,54.54545454545454,33.33333333333333
80-160,,,,
>160,,,,
