vote_ratio_bucket,<=1s,1-2s,2-3s,3-5s,5-10s,>10s
0-0.6,60.0,75.0,,,,
0.6-0.7,,0.0,,,,
0.7-0.8,55.55555555555556,70.0,,,,
0.8-0.9,,,,,,
0.9-1.0,29.166666666666664,56.52173913043479,,0.0,,
