confidence,accuracy,count,accuracy_%
3,0.1875,16,18.75
4,0.47115384615384615,104,47.11538461538461
