threshold,coverage_%,accuracy_%,n
1,100.0,43.333333333333336,120
2,100.0,43.333333333333336,120
3,100.0,43.333333333333336,120
4,86.66666666666667,47.11538461538461,104
5,0.0,,0
