answer,count,accuracy_%
1,19,57.89473684210527
2,42,35.714285714285715
3,33,48.484848484848484
4,26,50.0
