answer,count,accuracy_%
1,25,40.0
2,37,29.72972972972973
3,35,51.42857142857142
4,23,52.17391304347826
