confidence,accuracy,count,accuracy_%
3,0.3333333333333333,3,33.33333333333333
4,0.41333333333333333,75,41.333333333333336
5,0.5714285714285714,42,57.14285714285714
