threshold,coverage_%,accuracy_%,n
1,100.0,46.666666666666664,120
2,100.0,46.666666666666664,120
3,100.0,46.666666666666664,120
4,97.5,47.008547008547005,117
5,35.0,57.14285714285714,42
