answer_final,accuracy_%
1,48.64864864864865
2,30.555555555555557
3,36.0
4,40.909090909090914
