answer,count,accuracy_%
1,28,39.285714285714285
2,31,38.70967741935484
3,34,14.705882352941178
4,27,44.44444444444444
