answer,count,accuracy_%
1,35,45.714285714285715
2,33,36.36363636363637
3,23,34.78260869565217
4,29,27.586206896551722
