vote_ratio_bucket,<=1s,1-2s,2-3s,3-5s,5-10s,>10s
0-0.6,,72.0,66.66666666666667,66.66666666666667,,
0.6-0.7,,,,,,
0.7-0.8,,55.55555555555556,83.33333333333334,,,0.0
0.8-0.9,,,,,,
0.9-1.0,0.0,44.99999999999999,46.15384615384615,0.0,,
