conf_mean_bucket,1,2,3,4
0-20,,,,
20-40,,,,
40-60,,,,
60-80,0.0,100.0,,
80-100,60.71428571428571,46.42857142857143,40.0,40.625
