threshold,coverage_%,accuracy_%,n
80.0,100.0,46.666666666666664,120
84.0,95.0,45.614035087719294,114
88.0,85.0,46.07843137254902,102
92.0,8.333333333333332,60.0,10
96.0,1.6666666666666667,100.0,2
100.0,0.8333333333333334,100.0,1
