answer_final,accuracy_%
1,44.44444444444444
2,32.432432432432435
3,27.27272727272727
4,40.909090909090914
