answer,count,accuracy_%
1,23,56.52173913043478
2,41,36.58536585365854
3,32,46.875
4,24,41.66666666666667
