confidence,accuracy,count,accuracy_%
3,0.0,1,0.0
4,0.47674418604651164,86,47.674418604651166
5,0.625,32,62.5
