vote_ratio_bucket,accuracy_%
0-0.6,34.146341463414636
0.6-0.7,100.0
0.7-0.8,39.285714285714285
0.8-0.9,
0.9-1.0,58.333333333333336
