vote_ratio_bucket,0/5,1/5,2/5,3/5,4/5,5/5
0-0.6,,90.0,87.72727272727273,87.81379310344828,,
0.6-0.7,,80.0,,,,
0.7-0.8,,,,88.33333333333333,87.38636363636364,
0.8-0.9,,,,,,
0.9-1.0,,83.33333333333333,90.0,88.89999999999999,89.5,88.5
