consensus_label,1,2,3,4
1/5,33.33333333333333,33.33333333333333,50.0,33.33333333333333
2/5,55.55555555555556,20.0,66.66666666666666,0.0
3/5,54.54545454545454,0.0,40.0,37.5
4/5,80.0,55.55555555555556,75.0,87.5
5/5,50.0,85.71428571428571,62.5,100.0
