consensus_label,accuracy_%,coverage_%
1/5,35.714285714285715,11.666666666666666
2/5,44.44444444444444,15.0
3/5,36.11111111111111,30.0
4/5,73.33333333333333,25.0
5/5,72.72727272727273,18.333333333333332
