consensus_label,accuracy_%
1/5,35.714285714285715
2/5,44.44444444444444
3/5,36.11111111111111
4/5,73.33333333333333
5/5,72.72727272727273
