consensus_label,coverage_%
3/5,30.0
4/5,25.0
5/5,18.333333333333332
2/5,15.0
1/5,11.666666666666666
