exp_len_bucket,1,2,3,4
<=10,,,,
10-20,,,,
20-40,87.5,75.0,71.42857142857143,83.33333333333334
40-80,59.09090909090909,29.166666666666668,61.111111111111114,38.46153846153847
80-160,,,0.0,
>160,,,,
