answer,count,accuracy_%
1,28,60.71428571428571
2,34,38.23529411764706
3,28,53.57142857142857
4,29,41.37931034482759
