exp_len_bucket,1,2,3,4
<=10,,,,
10-20,100.0,,,
20-40,26.923076923076923,25.0,52.17391304347826,52.38095238095239
40-80,37.5,11.11111111111111,40.0,33.33333333333333
80-160,,,,
>160,,,,
