exp_len_bucket,1,2,3,4
<=10,,,,
10-20,,,,
20-40,,,50.0,
40-80,57.57575757575758,43.333333333333336,59.25925925925925,53.57142857142857
80-160,,,,
>160,,,,
