confidence,accuracy,count,accuracy_%
2.0,0.0,1,0.0
3.0,0.3333333333333333,3,33.33333333333333
4.0,0.35185185185185186,54,35.18518518518518
5.0,0.3225806451612903,62,32.25806451612903
