threshold,coverage_%,accuracy_%,n
1,100.0,33.33333333333333,120
2,100.0,33.33333333333333,120
3,99.16666666666667,33.61344537815126,119
4,96.66666666666667,33.62068965517241,116
5,51.66666666666667,32.25806451612903,62
