consensus_label,1,2,3,4
2/5,100.0,100.0,0.0,0.0
3/5,60.0,16.666666666666664,16.666666666666664,12.5
4/5,37.5,66.66666666666666,33.33333333333333,20.0
5/5,69.23076923076923,52.63157894736842,53.333333333333336,57.89473684210527
