consensus_label,accuracy_%,coverage_%
2/5,75.0,3.3333333333333335
3/5,24.0,20.833333333333336
4/5,36.0,20.833333333333336
5/5,57.57575757575758,55.00000000000001
