consensus_label,coverage_%
5/5,55.00000000000001
3/5,20.833333333333336
4/5,20.833333333333336
2/5,3.3333333333333335
