answer,count,accuracy_%
1,38,52.63157894736842
2,27,40.74074074074074
3,28,46.42857142857143
4,26,46.15384615384615
