answer,count,accuracy_%
1,29,58.620689655172406
2,33,33.33333333333333
3,29,44.827586206896555
4,29,41.37931034482759
