confidence,accuracy,count,accuracy_%
3.0,0.0,4,0.0
4.0,0.47058823529411764,102,47.05882352941176
5.0,0.7142857142857143,14,71.42857142857143
