answer,count,accuracy_%
1,29,41.37931034482759
2,36,47.22222222222222
3,29,51.724137931034484
4,26,50.0
