conf_round,accuracy_%
80.0,45.0
82.0,100.0
83.0,14.285714285714285
84.0,28.57142857142857
85.0,40.0
86.0,40.0
87.0,41.66666666666667
88.0,30.76923076923077
90.0,40.0
92.0,100.0
93.0,0.0
94.0,100.0
95.0,33.33333333333333
96.0,100.0
98.0,0.0
