conf_round,accuracy_%
0.0,8.333333333333332
1.0,48.148148148148145
