threshold,coverage_%,accuracy_%,n
1,100.0,44.166666666666664,120
2,100.0,44.166666666666664,120
3,100.0,44.166666666666664,120
4,100.0,44.166666666666664,120
5,100.0,44.166666666666664,120
