answer,count,accuracy_%
1,25,48.0
2,35,37.142857142857146
3,34,47.05882352941176
4,26,42.30769230769231
