confidence,accuracy,count,accuracy_%
4.0,0.4482758620689655,87,44.827586206896555
5.0,0.5625,32,56.25
