threshold,coverage_%,accuracy_%,n
1,99.16666666666667,47.89915966386555,119
2,99.16666666666667,47.89915966386555,119
3,99.16666666666667,47.89915966386555,119
4,99.16666666666667,47.89915966386555,119
5,26.666666666666668,56.25,32
