confidence,accuracy,count,accuracy_%
2.0,0.0,1,0.0
3.0,0.2,5,20.0
4.0,0.32857142857142857,70,32.857142857142854
5.0,0.3409090909090909,44,34.090909090909086
