threshold,coverage_%,accuracy_%,n
1,100.0,32.5,120
2,100.0,32.5,120
3,99.16666666666667,32.773109243697476,119
4,95.0,33.33333333333333,114
5,36.666666666666664,34.090909090909086,44
