exp_len_bucket,1,2,3,4
<=10,,,,
10-20,,,,
20-40,54.54545454545454,54.54545454545454,81.81818181818183,60.0
40-80,25.0,25.0,52.38095238095239,47.61904761904761
80-160,,33.33333333333333,0.0,
>160,,,,
