answer,count,accuracy_%
1,33,57.57575757575758
2,32,50.0
3,29,62.06896551724138
4,25,56.00000000000001
