consensus_label,1,2,3,4
2/5,66.66666666666666,0.0,0.0,0.0
3/5,50.0,66.66666666666666,57.14285714285714,28.57142857142857
4/5,37.5,20.0,66.66666666666666,66.66666666666666
5/5,72.72727272727273,50.0,55.55555555555556,58.333333333333336
