consensus_label,accuracy_%,coverage_%
2/5,33.33333333333333,5.0
3/5,48.148148148148145,22.5
4/5,48.717948717948715,32.5
5/5,58.333333333333336,40.0
