consensus_label,accuracy_%
2/5,33.33333333333333
3/5,48.148148148148145
4/5,48.717948717948715
5/5,58.333333333333336
