consensus_label,1,2,3,4
2/5,0.0,0.0,100.0,0.0
3/5,40.0,33.33333333333333,23.076923076923077,0.0
4/5,40.0,0.0,50.0,0.0
5/5,28.57142857142857,27.27272727272727,8.333333333333332,35.714285714285715
