consensus_label,accuracy_%
2/5,66.66666666666666
3/5,25.0
4/5,29.411764705882355
5/5,25.454545454545453
