consensus_label,accuracy_%,coverage_%
2/5,66.66666666666666,3.0303030303030303
3/5,25.0,24.242424242424242
4/5,29.411764705882355,17.17171717171717
5/5,25.454545454545453,55.55555555555556
