consensus_label,coverage_%
5/5,55.55555555555556
3/5,24.242424242424242
4/5,17.17171717171717
2/5,3.0303030303030303
