answer,count,accuracy_%
1,30,40.0
2,38,34.21052631578947
3,26,61.53846153846154
4,26,50.0
