confidence,accuracy,count,accuracy_%
4,0.36666666666666664,120,36.666666666666664
