threshold,coverage_%,accuracy_%,n
1,100.0,36.666666666666664,120
2,100.0,36.666666666666664,120
3,100.0,36.666666666666664,120
4,100.0,36.666666666666664,120
5,0.0,,0
