confidence,accuracy,count,accuracy_%
3,0.16666666666666666,6,16.666666666666664
4,0.4298245614035088,114,42.98245614035088
