threshold,coverage_%,accuracy_%,n
1,100.0,41.66666666666667,120
2,100.0,41.66666666666667,120
3,100.0,41.66666666666667,120
4,95.0,42.98245614035088,114
5,0.0,,0
