n_common,120.0
acc_zero_%,48.333333333333336
acc_few_%,49.166666666666664
same_answer_%,83.33333333333334
gain_%,5.833333333333333
loss_%,5.0
