conf_round,accuracy_%
80.0,60.0
82.0,50.0
83.0,25.0
84.0,66.66666666666666
85.0,75.0
86.0,28.57142857142857
87.0,33.33333333333333
88.0,47.368421052631575
90.0,35.38461538461539
