answer_final,accuracy_%
1,31.428571428571427
2,21.21212121212121
3,50.0
4,50.0
