consensus_label,accuracy_%,coverage_%
2/5,100.0,2.5
3/5,46.666666666666664,25.0
4/5,48.717948717948715,32.5
5/5,58.333333333333336,40.0
