consensus_label,accuracy_%
2/5,100
3/5,46.66666667
4/5,48.71794872
5/5,58.33333333
