consensus_label,accuracy_%
2/5,100.0
3/5,46.666666666666664
4/5,48.717948717948715
5/5,58.333333333333336
