answer_final,accuracy_%
1,37.5
2,32.35294117647059
3,57.14285714285714
4,48.148148148148145
