vote_ratio_bucket,<=1s,1-2s,2-3s,3-5s,5-10s,>10s
0-0.6,,88.88888888888889,76.47058823529412,,,
0.6-0.7,,,,,,
0.7-0.8,,75.0,87.5,,,
0.8-0.9,,,,,,
0.9-1.0,,56.09756097560976,48.14814814814815,0.0,,0.0
