answer,count,accuracy_%
1,18,72.22222222222221
2,31,35.483870967741936
3,38,36.84210526315789
4,33,39.39393939393939
