vote_ratio_bin,accuracy_%
"(-0.001, 0.1]",
"(0.1, 0.2]",
"(0.2, 0.3]",
"(0.3, 0.4]",
"(0.4, 0.5]",66.66666666666666
"(0.5, 0.6]",40.909090909090914
"(0.6, 0.7]",
"(0.7, 0.8]",48.0
"(0.8, 0.9]",
"(0.9, 1.0]",58.57142857142858
