conf_mean_bucket,1,2,3,4
0-20,,,,
20-40,,,,
40-60,,,,
60-80,0.0,0.0,100.0,50.0
80-100,71.42857142857143,41.935483870967744,60.0,46.666666666666664
