threshold,coverage_%,accuracy_%,n
80.0,100.0,53.333333333333336,120
82.8,92.5,54.054054054054056,111
85.6,85.83333333333333,55.33980582524271,103
88.4,68.33333333333333,56.09756097560976,82
91.2,5.833333333333333,100.0,7
94.0,3.3333333333333335,100.0,4
