threshold,coverage_%,accuracy_%
80,100,53.33333333
82.8,92.5,54.05405405
85.6,85.83333333,55.33980583
88.4,68.33333333,56.09756098
91.2,5.833333333,100
94,3.333333333,100
