confidence,accuracy,count,accuracy_%
3,0.3939393939393939,33,39.39393939393939
4,0.44047619047619047,84,44.047619047619044
5,0.6666666666666666,3,66.66666666666666
