threshold,coverage_%,accuracy_%,n
1,100.0,43.333333333333336,120
2,100.0,43.333333333333336,120
3,100.0,43.333333333333336,120
4,72.5,44.827586206896555,87
5,2.5,66.66666666666666,3
