confidence,accuracy,count,accuracy_%
2,0.0,5,0.0
3,0.43209876543209874,81,43.20987654320987
4,0.5588235294117647,34,55.88235294117647
