threshold,coverage_%,accuracy_%,n
1,100.0,45.0,120
2,100.0,45.0,120
3,95.83333333333334,46.95652173913044,115
4,28.333333333333332,55.88235294117647,34
5,0.0,,0
