conf_round,accuracy_%
77.0,0.0
80.0,50.0
82.0,0.0
83.0,0.0
85.0,0.0
86.0,50.0
87.0,40.0
88.0,36.36363636363637
90.0,27.11864406779661
92.0,0.0
93.0,12.5
94.0,100.0
95.0,42.857142857142854
97.0,0.0
98.0,100.0
100.0,25.0
