threshold,coverage_%,accuracy_%,n
1,100.0,28.333333333333332,120
2,100.0,28.333333333333332,120
3,100.0,28.333333333333332,120
4,100.0,28.333333333333332,120
5,100.0,28.333333333333332,120
