exp_len_bucket,1,2,3,4
<=10,,,,
10-20,,,,
20-40,100.0,,,
40-80,25.0,23.333333333333332,27.27272727272727,27.77777777777778
80-160,100.0,,,
>160,,,,
