vote_ratio_bucket,accuracy_%
0-0.6,32.142857142857146
0.6-0.7,
0.7-0.8,35.483870967741936
0.8-0.9,
0.9-1.0,45.90163934426229
