vote_ratio_bucket,1/5,2/5,3/5,4/5,5/5
0-0.6,90.0,88.15555555555555,86.11666666666666,,
0.6-0.7,,,,,
0.7-0.8,,,90.0,87.58333333333333,
0.8-0.9,,,,,
0.9-1.0,90.0,90.0,90.0,88.75,88.5
