vote_ratio_bucket,accuracy_%
0-0.6,20.588235294117645
0.6-0.7,20.0
0.7-0.8,19.230769230769234
0.8-0.9,
0.9-1.0,43.63636363636363
