vote_ratio_bin,accuracy_%
"(-0.001, 0.1]",
"(0.1, 0.2]",
"(0.2, 0.3]",
"(0.3, 0.4]",0.0
"(0.4, 0.5]",23.076923076923077
"(0.5, 0.6]",22.22222222222222
"(0.6, 0.7]",20.0
"(0.7, 0.8]",19.230769230769234
"(0.8, 0.9]",
"(0.9, 1.0]",43.63636363636363
