confidence,accuracy,count,accuracy_%
4,0.45918367346938777,98,45.91836734693878
5,0.45454545454545453,22,45.45454545454545
