threshold,coverage_%,accuracy_%,n
1,100.0,45.83333333333333,120
2,100.0,45.83333333333333,120
3,100.0,45.83333333333333,120
4,100.0,45.83333333333333,120
5,18.333333333333332,45.45454545454545,22
