exp_len_bucket,1,2,3,4
<=10,,,,
10-20,,,,
20-40,66.66666666666666,50.0,47.05882352941176,25.0
40-80,43.75,22.727272727272727,50.0,57.14285714285714
80-160,,,,
>160,,,,
