vote_ratio_bin,accuracy_%
"(-0.001, 0.1]",
"(0.1, 0.2]",
"(0.2, 0.3]",
"(0.3, 0.4]",
"(0.4, 0.5]",50.0
"(0.5, 0.6]",13.636363636363635
"(0.6, 0.7]",
"(0.7, 0.8]",20.833333333333336
"(0.8, 0.9]",
"(0.9, 1.0]",48.57142857142857
