answer,count,accuracy_%
1,24,37.5
2,35,28.57142857142857
3,29,34.48275862068966
4,32,31.25
