n_common,120.0
acc_zero_%,32.5
acc_few_%,39.166666666666664
same_answer_%,60.83333333333333
gain_%,15.0
loss_%,8.333333333333332
