n_common,120.0
acc_zero_%,42.5
acc_few_%,38.333333333333336
same_answer_%,77.5
gain_%,5.0
loss_%,9.166666666666666
