answer,count,accuracy_%
1,19,63.1578947368421
2,40,32.5
3,23,52.17391304347826
4,38,36.84210526315789
