confidence,accuracy,count,accuracy_%
3,0.0,1,0.0
4,0.453781512605042,119,45.378151260504204
