threshold,coverage_%,accuracy_%,n
1,100.0,45.0,120
2,100.0,45.0,120
3,100.0,45.0,120
4,99.16666666666667,45.378151260504204,119
5,0.0,,0
