confidence,accuracy,count,accuracy_%
2,1.0,2,100.0
3,0.5833333333333334,24,58.333333333333336
4,0.5222222222222223,90,52.22222222222223
5,0.75,4,75.0
