threshold,coverage_%,accuracy_%,n
1,100.0,55.00000000000001,120
2,100.0,55.00000000000001,120
3,98.33333333333333,54.23728813559322,118
4,78.33333333333333,53.191489361702125,94
5,3.3333333333333335,75.0,4
