answer,count,accuracy_%
1,29,68.96551724137932
2,25,52.0
3,34,61.76470588235294
4,31,61.29032258064516
