exp_len_bucket,1,2,3,4
<=10,,,,
10-20,,,0.0,0.0
20-40,46.666666666666664,29.629629629629626,50.0,43.75
40-80,57.14285714285714,33.33333333333333,16.666666666666664,50.0
80-160,,,,
>160,,,,
