vote_ratio_bucket,accuracy_%
0-0.6,21.875
0.6-0.7,
0.7-0.8,43.47826086956522
0.8-0.9,
0.9-1.0,52.307692307692314
