vote_ratio_bin,accuracy_%
"(-0.001, 0.1]",
"(0.1, 0.2]",
"(0.2, 0.3]",
"(0.3, 0.4]",50.0
"(0.4, 0.5]",0.0
"(0.5, 0.6]",22.22222222222222
"(0.6, 0.7]",
"(0.7, 0.8]",43.47826086956522
"(0.8, 0.9]",
"(0.9, 1.0]",52.307692307692314
