answer,count,accuracy_%
1,33,42.42424242424242
2,34,29.411764705882355
3,27,55.55555555555556
4,26,50.0
