answer,count,accuracy_%
1,18,33.33333333333333
2,41,34.146341463414636
3,32,50.0
4,29,51.724137931034484
