conf_mean_bucket,1,2,3,4
0-20,,,,
20-40,,,,
40-60,,,,
60-80,20.0,25.0,0.0,25.0
80-100,62.96296296296296,43.333333333333336,60.0,68.42105263157895
