conf_vote_bin,accuracy_%
"(-0.001, 0.1]",
"(0.1, 0.2]",35.714285714285715
"(0.2, 0.3]",
"(0.3, 0.4]",44.44444444444444
"(0.4, 0.5]",0.0
"(0.5, 0.6]",44.827586206896555
"(0.6, 0.7]",
"(0.7, 0.8]",73.33333333333333
"(0.8, 0.9]",
"(0.9, 1.0]",72.72727272727273
