threshold,coverage_%,accuracy_%
80,100,53.33333333
83,80.83333333,55.67010309
86,56.66666667,58.82352941
89,34.16666667,58.53658537
92,6.666666667,75
95,2.5,66.66666667
