threshold,coverage_%,accuracy_%,n
80.0,100.0,53.333333333333336,120
83.0,80.83333333333333,55.670103092783506,97
86.0,56.666666666666664,58.82352941176471,68
89.0,34.166666666666664,58.536585365853654,41
92.0,6.666666666666667,75.0,8
95.0,2.5,66.66666666666666,3
