confidence,accuracy,count,accuracy_%
3,0.5,2,50.0
4,0.5604395604395604,91,56.043956043956044
5,0.6296296296296297,27,62.96296296296296
