threshold,coverage_%,accuracy_%,n
1,100.0,57.49999999999999,120
2,100.0,57.49999999999999,120
3,100.0,57.49999999999999,120
4,98.33333333333333,57.6271186440678,118
5,22.5,62.96296296296296,27
