confidence,accuracy,count,accuracy_%
4,0.3157894736842105,38,31.57894736842105
5,0.5555555555555556,81,55.55555555555556
