confidence,accuracy,count,accuracy_%
4,0.39285714285714285,56,39.285714285714285
5,0.4375,64,43.75
