consensus_label,1,2,3,4
2/5,0.0,0.0,0.0,0.0
3/5,37.5,66.66666666666666,30.0,42.857142857142854
4/5,75.0,57.14285714285714,100.0,60.0
5/5,50.0,33.33333333333333,50.0,35.0
