consensus_label,accuracy_%
2/5,0.0
3/5,39.285714285714285
4/5,70.0
5/5,40.845070422535215
