consensus_label,accuracy_%,coverage_%
2/5,0.0,0.8333333333333334
3/5,39.285714285714285,23.333333333333332
4/5,70.0,16.666666666666664
5/5,40.845070422535215,59.166666666666664
