consensus_label,accuracy_%
2/5,0
3/5,39.28571429
4/5,70
5/5,40.84507042
