consensus_label,coverage_%
5/5,59.166666666666664
3/5,23.333333333333332
4/5,16.666666666666664
2/5,0.8333333333333334
