confidence,accuracy,count,accuracy_%
3.0,0.6,10,60.0
4.0,0.3170731707317073,82,31.70731707317073
5.0,0.5357142857142857,28,53.57142857142857
