threshold,coverage_%,accuracy_%,n
1,100.0,39.166666666666664,120
2,100.0,39.166666666666664,120
3,100.0,39.166666666666664,120
4,91.66666666666666,37.27272727272727,110
5,23.333333333333332,53.57142857142857,28
