confidence,accuracy,count,accuracy_%
3,0.5,2,50.0
4,0.5392156862745098,102,53.92156862745098
5,0.75,16,75.0
