threshold,coverage_%,accuracy_%,n
1,100.0,56.666666666666664,120
2,100.0,56.666666666666664,120
3,100.0,56.666666666666664,120
4,98.33333333333333,56.779661016949156,118
5,13.333333333333334,75.0,16
