answer,count,accuracy_%
1,30,60.0
2,36,33.33333333333333
3,29,58.620689655172406
4,24,45.83333333333333
