consensus_label,1,2,3,4
2/5,50.0,0.0,0.0,0.0
3/5,53.84615384615385,18.181818181818183,0.0,28.57142857142857
4/5,33.33333333333333,37.5,20.0,40.0
5/5,63.63636363636363,33.33333333333333,50.0,66.66666666666666
