consensus_label,accuracy_%
0/5,0.0
2/5,25.0
3/5,32.35294117647059
4/5,31.03448275862069
5/5,51.92307692307693
