consensus_label,accuracy_%,coverage_%
0/5,0.0,0.8333333333333334
2/5,25.0,3.3333333333333335
3/5,32.35294117647059,28.333333333333332
4/5,31.03448275862069,24.166666666666668
5/5,51.92307692307693,43.333333333333336
