consensus_label,accuracy_%
2/5,25
3/5,32.35294118
4/5,31.03448276
5/5,51.92307692
