consensus_label,coverage_%
5/5,43.333333333333336
3/5,28.333333333333332
4/5,24.166666666666668
2/5,3.3333333333333335
0/5,0.8333333333333334
