answer_final,accuracy_%
1,57.57575757575758
2,43.333333333333336
3,58.620689655172406
4,53.57142857142857
