answer,count,accuracy_%
1,17,64.70588235294117
2,39,38.46153846153847
3,33,45.45454545454545
4,30,50.0
