n_common,120.0
acc_zero_%,32.5
acc_few_%,37.5
same_answer_%,64.16666666666667
gain_%,11.666666666666666
loss_%,6.666666666666667
