confidence,accuracy,count,accuracy_%
4,0.42105263157894735,95,42.10526315789473
5,0.64,25,64.0
