threshold,coverage_%,accuracy_%,n
1,100.0,46.666666666666664,120
2,100.0,46.666666666666664,120
3,100.0,46.666666666666664,120
4,100.0,46.666666666666664,120
5,20.833333333333336,64.0,25
