confidence,accuracy,count,accuracy_%
3,0.42592592592592593,54,42.592592592592595
4,0.5384615384615384,65,53.84615384615385
5,1.0,1,100.0
