vote_ratio_bucket,accuracy_%
0-0.6,25.0
0.6-0.7,66.66666666666666
0.7-0.8,46.15384615384615
0.8-0.9,
0.9-1.0,38.983050847457626
