vote_ratio_bin,accuracy_%
"(-0.001, 0.1]",
"(0.1, 0.2]",
"(0.2, 0.3]",
"(0.3, 0.4]",66.66666666666666
"(0.4, 0.5]",28.57142857142857
"(0.5, 0.6]",20.588235294117645
"(0.6, 0.7]",66.66666666666666
"(0.7, 0.8]",46.15384615384615
"(0.8, 0.9]",
"(0.9, 1.0]",38.983050847457626
