vote_ratio_bucket,accuracy_%
0-0.6,38.095238095238095
0.6-0.7,83.33333333333334
0.7-0.8,33.33333333333333
0.8-0.9,
0.9-1.0,58.97435897435898
