vote_ratio_bin,accuracy_%
"(-0.001, 0.1]",
"(0.1, 0.2]",
"(0.2, 0.3]",
"(0.3, 0.4]",0.0
"(0.4, 0.5]",50.0
"(0.5, 0.6]",36.36363636363637
"(0.6, 0.7]",83.33333333333334
"(0.7, 0.8]",33.33333333333333
"(0.8, 0.9]",
"(0.9, 1.0]",58.97435897435898
