answer_final,accuracy_%
1,52.0
2,32.35294117647059
3,48.57142857142857
4,42.30769230769231
