exp_len_bucket,1,2,3,4
<=10,,,,
10-20,,,,
20-40,,,50.0,
40-80,56.25,41.37931034482759,57.14285714285714,51.724137931034484
80-160,,,,
>160,,,,
