conf_round,accuracy_%
84.0,100.0
86.0,100.0
87.0,20.0
88.0,16.666666666666664
90.0,37.735849056603776
92.0,0.0
