confidence,accuracy,count,accuracy_%
1,0.0,2,0.0
3,0.4375,16,43.75
4,0.620253164556962,79,62.0253164556962
5,0.9090909090909091,22,90.9090909090909
