answer,count,accuracy_%
1,31,48.38709677419355
2,42,33.33333333333333
3,24,54.166666666666664
4,23,52.17391304347826
