exp_len_bucket,1,2,3,4
<=10,60.0,50.0,44.44444444444444,40.0
10-20,33.33333333333333,66.66666666666666,10.0,25.0
20-40,23.52941176470588,18.75,20.0,35.714285714285715
40-80,50.0,0.0,0.0,0.0
80-160,,,,
>160,,,,
