answer_final,accuracy_%
1,33.33333333333333
2,23.333333333333332
3,27.27272727272727
4,27.77777777777778
