exp_len_bucket,1,2,3,4
<=10,,,,
10-20,100.0,0.0,,
20-40,50.0,20.0,18.181818181818183,50.0
40-80,50.0,34.78260869565217,41.17647058823529,53.84615384615385
80-160,0.0,,,
>160,,,,
