confidence,accuracy,count,accuracy_%
3.0,0.25,12,25.0
4.0,0.4367816091954023,87,43.67816091954023
5.0,0.75,20,75.0
