threshold,coverage_%,accuracy_%,n
1,99.16666666666667,47.05882352941176,119
2,99.16666666666667,47.05882352941176,119
3,99.16666666666667,47.05882352941176,119
4,89.16666666666667,49.532710280373834,107
5,16.666666666666664,75.0,20
