vote_ratio_bucket,accuracy_%
0-0.6,29.411764705882355
0.6-0.7,
0.7-0.8,32.142857142857146
0.8-0.9,
0.9-1.0,50.877192982456144
