vote_ratio_bucket,0/5,2/5,3/5,4/5,5/5
0-0.6,,86.67999999999999,82.5,,
0.6-0.7,,,,,
0.7-0.8,,86.7,81.10000000000001,82.70833333333333,
0.8-0.9,,,,,
0.9-1.0,,,,84.0,86.46153846153847
