answer_final,accuracy_%
1,66.66666666666666
2,40.625
3,61.53846153846154
4,46.875
