exp_len_bucket,1,2,3,4
<=10,,,,
10-20,,,,
20-40,60.0,54.54545454545454,75.0,60.0
40-80,21.428571428571427,20.0,50.0,45.45454545454545
80-160,,33.33333333333333,0.0,
>160,,,,
