vote_ratio_bucket,1/5,2/5,3/5,4/5,5/5
0-0.6,90.0,87.66,85.4125,,
0.6-0.7,87.5,85.0,,,
0.7-0.8,,86.7,87.14285714285714,83.75,
0.8-0.9,,,,,
0.9-1.0,86.36363636363636,86.42857142857143,85.95,86.14583333333333,86.9090909090909
