conf_mean_bucket,1,2,3,4
0-20,,,,
20-40,,,,
40-60,,,,
60-80,,0.0,50.0,
80-100,44.44444444444444,35.294117647058826,25.806451612903224,40.909090909090914
