conf_mean_bin,accuracy_%
"(-0.001, 0.1]",0.0
"(0.1, 0.2]",
"(0.2, 0.3]",
"(0.3, 0.4]",
"(0.4, 0.5]",
"(0.5, 0.6]",
"(0.6, 0.7]",
"(0.7, 0.8]",20.0
"(0.8, 0.9]",32.95454545454545
"(0.9, 1.0]",46.15384615384615
