conf_vote_bin,accuracy_%
"(-0.001, 0.1]",0.0
"(0.1, 0.2]",28.57142857142857
"(0.2, 0.3]",
"(0.3, 0.4]",44.44444444444444
"(0.4, 0.5]",0.0
"(0.5, 0.6]",31.818181818181817
"(0.6, 0.7]",
"(0.7, 0.8]",37.5
"(0.8, 0.9]",
"(0.9, 1.0]",45.45454545454545
