threshold,coverage_%,accuracy_%
0,100,35
20,99.16666667,35.29411765
40,99.16666667,35.29411765
60,99.16666667,35.29411765
80,95.83333333,36.52173913
100,5.833333333,42.85714286
