threshold,coverage_%,accuracy_%,n
0.0,100.0,35.0,120
20.0,99.16666666666667,35.294117647058826,119
40.0,99.16666666666667,35.294117647058826,119
60.0,99.16666666666667,35.294117647058826,119
80.0,95.83333333333334,36.52173913043478,115
100.0,5.833333333333333,42.857142857142854,7
