answer,count,accuracy_%
1,25,60.0
2,38,36.84210526315789
3,27,55.55555555555556
4,30,46.666666666666664
