answer,count,accuracy_%
1,33,51.515151515151516
2,32,31.25
3,30,53.333333333333336
4,25,60.0
