consensus_label,1,2,3,4
2/5,0.0,0.0,0.0,0.0
3/5,40.0,0.0,33.33333333333333,0.0
4/5,40.0,33.33333333333333,0.0,0.0
5/5,64.28571428571429,38.095238095238095,51.724137931034484,50.0
