consensus_label,accuracy_%
2/5,0
3/5,22.22222222
4/5,33.33333333
5/5,50
