consensus_label,accuracy_%
2/5,0.0
3/5,22.22222222222222
4/5,33.33333333333333
5/5,50.0
