consensus_label,accuracy_%,coverage_%
2/5,0.0,0.8333333333333334
3/5,22.22222222222222,15.0
4/5,33.33333333333333,12.5
5/5,50.0,71.66666666666667
