consensus_label,coverage_%
5/5,71.66666666666667
3/5,15.0
4/5,12.5
2/5,0.8333333333333334
