consensus_label,accuracy_%,coverage_%
2/5,66.66666666666666,2.5
3/5,40.909090909090914,18.333333333333332
4/5,48.0,20.833333333333336
5/5,58.57142857142858,58.333333333333336
