consensus_label,accuracy_%
2/5,66.66666666666666
3/5,40.909090909090914
4/5,48.0
5/5,58.57142857142858
