answer,count,accuracy_%
1,35,57.14285714285714
2,32,37.5
3,25,56.00000000000001
4,27,44.44444444444444
