confidence,accuracy,count,accuracy_%
3,0.2,5,20.0
4,0.4642857142857143,112,46.42857142857143
5,0.6666666666666666,3,66.66666666666666
