threshold,coverage_%,accuracy_%,n
1,100.0,45.83333333333333,120
2,100.0,45.83333333333333,120
3,100.0,45.83333333333333,120
4,95.83333333333334,46.95652173913044,115
5,2.5,66.66666666666666,3
