answer,count,accuracy_%
1,21,52.38095238095239
2,38,42.10526315789473
3,32,43.75
4,29,34.48275862068966
