answer,count,accuracy_%
1,31,45.16129032258064
2,35,40.0
3,30,40.0
4,24,58.333333333333336
