vote_ratio_bucket,<=1s,1-2s,2-3s,3-5s,5-10s,>10s
0-0.6,,,,70.0,88.88888888888889,
0.6-0.7,,,,,,
0.7-0.8,,,,50.0,77.77777777777779,
0.8-0.9,,,,,,
0.9-1.0,,,,53.448275862068975,42.85714285714286,
