answer,count,accuracy_%
1,30,40.0
2,39,33.33333333333333
3,30,50.0
4,21,47.61904761904761
