vote_ratio_bucket,accuracy_%
0-0.6,31.03448275862069
0.6-0.7,
0.7-0.8,36.0
0.8-0.9,
0.9-1.0,57.57575757575758
