conf_round,accuracy_%
0.0,25.64102564102564
1.0,62.96296296296296
