conf_round,accuracy_%
80.0,21.428571428571427
82.0,77.77777777777779
83.0,50.0
84.0,100.0
85.0,33.33333333333333
86.0,60.0
87.0,33.33333333333333
88.0,76.92307692307693
90.0,45.45454545454545
92.0,75.0
93.0,100.0
95.0,66.66666666666666
