answer_final,accuracy_%
1,56.25
2,41.17647058823529
3,58.06451612903226
4,60.86956521739131
