vote_ratio_bucket,accuracy_%
0-0.6,37.03703703703704
0.6-0.7,
0.7-0.8,68.18181818181817
0.8-0.9,
0.9-1.0,40.845070422535215
