vote_ratio_bin,accuracy_%
"(-0.001, 0.1]",
"(0.1, 0.2]",
"(0.2, 0.3]",
"(0.3, 0.4]",0.0
"(0.4, 0.5]",33.33333333333333
"(0.5, 0.6]",39.130434782608695
"(0.6, 0.7]",
"(0.7, 0.8]",68.18181818181817
"(0.8, 0.9]",
"(0.9, 1.0]",40.845070422535215
