conf_round,accuracy_%
70.0,0.0
72.0,0.0
77.0,0.0
80.0,51.21951219512195
82.0,37.5
83.0,16.666666666666664
84.0,50.0
85.0,12.5
86.0,20.0
87.0,33.33333333333333
88.0,42.857142857142854
90.0,53.333333333333336
92.0,33.33333333333333
93.0,0.0
94.0,0.0
96.0,100.0
97.0,0.0
98.0,0.0
100.0,100.0
