conf_round,accuracy_%
0.0,18.181818181818183
1.0,42.201834862385326
