answer,count,accuracy_%
1,33,69.6969696969697
2,32,43.75
3,25,68.0
4,29,58.620689655172406
