exp_len_bucket,1,2,3,4
<=10,60.0,50.0,44.44444444444444,40.0
10-20,33.33333333333333,60.0,10.0,20.0
20-40,26.666666666666668,18.75,14.285714285714285,26.666666666666668
40-80,50.0,0.0,0.0,0.0
80-160,,,,
>160,,,,
