confidence,accuracy,count,accuracy_%
2.0,0.0,2,0.0
3.0,0.0,4,0.0
4.0,0.44642857142857145,112,44.642857142857146
5.0,0.5,2,50.0
