threshold,coverage_%,accuracy_%,n
1,100.0,42.5,120
2,100.0,42.5,120
3,98.33333333333333,43.22033898305085,118
4,95.0,44.73684210526316,114
5,1.6666666666666667,50.0,2
