vote_ratio_bucket,accuracy_%
0-0.6,14.705882352941178
0.6-0.7,20.0
0.7-0.8,19.230769230769234
0.8-0.9,
0.9-1.0,41.81818181818181
