vote_ratio_bucket,1/5,2/5,3/5,4/5,5/5
0-0.6,90.0,92.44,89.80588235294118,,
0.6-0.7,90.0,92.5,,,
0.7-0.8,,88.86666666666667,86.0,89.62777777777778,
0.8-0.9,,,,,
0.9-1.0,93.46153846153847,91.0,89.175,92.5,89.57142857142857
