exp_len_bucket,1,2,3,4
<=10,,,,
10-20,,,,
20-40,,,,
40-80,60.71428571428571,48.275862068965516,40.0,40.625
80-160,,,0.0,
>160,,,,
