vote_ratio_bin,accuracy_%
"(-0.001, 0.1]",
"(0.1, 0.2]",
"(0.2, 0.3]",
"(0.3, 0.4]",50.0
"(0.4, 0.5]",0.0
"(0.5, 0.6]",41.37931034482759
"(0.6, 0.7]",
"(0.7, 0.8]",40.0
"(0.8, 0.9]",
"(0.9, 1.0]",56.36363636363636
