conf_round,accuracy_%
0.0,28.947368421052634
1.0,36.58536585365854
