conf_round,accuracy_%
0.0,0.0
73.0,0.0
77.0,0.0
80.0,100.0
82.0,0.0
83.0,20.0
84.0,100.0
85.0,0.0
86.0,100.0
87.0,20.0
88.0,100.0
90.0,33.84615384615385
92.0,16.666666666666664
93.0,75.0
94.0,50.0
95.0,50.0
96.0,100.0
97.0,0.0
98.0,100.0
100.0,42.857142857142854
