threshold,coverage_%,accuracy_%,n
1,99.16666666666667,34.45378151260504,119
2,99.16666666666667,34.45378151260504,119
3,99.16666666666667,34.45378151260504,119
4,99.16666666666667,34.45378151260504,119
5,99.16666666666667,34.45378151260504,119
