consensus_label,accuracy_%,coverage_%
1/5,0.0,1.6666666666666667
2/5,30.0,8.333333333333332
3/5,30.0,16.666666666666664
4/5,34.375,26.666666666666668
5/5,50.0,46.666666666666664
