consensus_label,coverage_%
5/5,46.666666666666664
4/5,26.666666666666668
3/5,16.666666666666664
2/5,8.333333333333332
1/5,1.6666666666666667
