confidence,accuracy,count,accuracy_%
3,0.0,1,0.0
4,0.4387755102040816,98,43.87755102040816
5,0.47619047619047616,21,47.61904761904761
