threshold,coverage_%,accuracy_%,n
1,100.0,44.166666666666664,120
2,100.0,44.166666666666664,120
3,100.0,44.166666666666664,120
4,99.16666666666667,44.537815126050425,119
5,17.5,47.61904761904761,21
