answer,count,accuracy_%
1,40,47.5
2,33,36.36363636363637
3,21,57.14285714285714
4,26,38.46153846153847
