vote_ratio_bucket,<=1s,1-2s,2-3s,3-5s,5-10s,>10s
0-0.6,,44.44444444444444,76.47058823529412,0.0,,
0.6-0.7,,,,,,
0.7-0.8,,25.0,50.0,25.0,,
0.8-0.9,,,,,,
0.9-1.0,,61.36363636363637,63.1578947368421,37.5,,
