confidence,accuracy,count,accuracy_%
3,0.3333333333333333,3,33.33333333333333
4,0.41836734693877553,98,41.83673469387755
5,0.47368421052631576,19,47.368421052631575
