threshold,coverage_%,accuracy_%,n
1,100.0,42.5,120
2,100.0,42.5,120
3,100.0,42.5,120
4,97.5,42.73504273504273,117
5,15.833333333333332,47.368421052631575,19
