conf_round,accuracy_%
0.0,0.0
80.0,66.66666666666666
82.0,0.0
83.0,28.57142857142857
84.0,0.0
85.0,44.44444444444444
86.0,66.66666666666666
87.0,22.22222222222222
88.0,80.0
90.0,41.935483870967744
92.0,100.0
93.0,66.66666666666666
94.0,0.0
