conf_round,accuracy_%
0.0,26.31578947368421
1.0,48.51485148514851
