threshold,coverage_%,accuracy_%,n
1,98.33333333333333,45.76271186440678,118
2,98.33333333333333,45.76271186440678,118
3,98.33333333333333,45.76271186440678,118
4,98.33333333333333,45.76271186440678,118
5,98.33333333333333,45.76271186440678,118
