confidence,accuracy,count,accuracy_%
3,0.6666666666666666,6,66.66666666666666
4,0.4158415841584158,101,41.584158415841586
5,0.8461538461538461,13,84.61538461538461
