threshold,coverage_%,accuracy_%,n
1,100.0,47.5,120
2,100.0,47.5,120
3,100.0,47.5,120
4,95.0,46.49122807017544,114
5,10.833333333333334,84.61538461538461,13
