consensus_label,1,2,3,4
3/5,0.0,16.666666666666664,25.0,33.33333333333333
4/5,25.0,0.0,50.0,25.0
5/5,40.0,31.25,62.5,58.82352941176471
