consensus_label,accuracy_%
3/5,19.230769230769234
4/5,24.0
5/5,47.82608695652174
