consensus_label,accuracy_%
3/5,19.23076923
4/5,24
5/5,47.82608696
