consensus_label,accuracy_%,coverage_%
3/5,19.230769230769234,21.666666666666668
4/5,24.0,20.833333333333336
5/5,47.82608695652174,57.49999999999999
