consensus_label,coverage_%
5/5,57.49999999999999
3/5,21.666666666666668
4/5,20.833333333333336
