conf_mean_bucket,1,2,3,4
0-20,,,,
20-40,,,,
40-60,,,,
60-80,100.0,,50.0,100.0
80-100,54.83870967741935,43.333333333333336,60.0,51.85185185185185
