conf_mean_bin,accuracy_%
"(-0.001, 0.1]",
"(0.1, 0.2]",
"(0.2, 0.3]",
"(0.3, 0.4]",
"(0.4, 0.5]",
"(0.5, 0.6]",
"(0.6, 0.7]",
"(0.7, 0.8]",71.42857142857143
"(0.8, 0.9]",46.57534246575342
"(0.9, 1.0]",62.5
