threshold,coverage_%,accuracy_%
75,100,53.33333333
80,99.16666667,52.94117647
85,80,53.125
90,55,63.63636364
95,18.33333333,63.63636364
100,8.333333333,50
