threshold,coverage_%,accuracy_%,n
75.0,100.0,53.333333333333336,120
80.0,99.16666666666667,52.94117647058824,119
85.0,80.0,53.125,96
90.0,55.00000000000001,63.63636363636363,66
95.0,18.333333333333332,63.63636363636363,22
100.0,8.333333333333332,50.0,10
