answer,count,accuracy_%
1,30,70.0
2,31,45.16129032258064
3,30,63.33333333333333
4,28,53.57142857142857
