answer_final,accuracy_%
1,60.71428571428571
2,48.275862068965516
3,38.70967741935484
4,40.625
