confidence,accuracy,count,accuracy_%
1,0.0,1,0.0
2,0.0,1,0.0
3,0.5,2,50.0
4,0.3728813559322034,59,37.28813559322034
5,0.7321428571428571,56,73.21428571428571
