answer_final,accuracy_%
1,45.714285714285715
2,34.285714285714285
3,57.692307692307686
4,50.0
