confidence,accuracy,count,accuracy_%
4,0.391304347826087,115,39.130434782608695
5,0.6,5,60.0
