n_common,120.0
acc_zero_%,41.66666666666667
acc_few_%,42.5
same_answer_%,81.66666666666667
gain_%,5.833333333333333
loss_%,5.0
