vote_ratio_bucket,<=1s,1-2s,2-3s,3-5s,5-10s,>10s
0-0.6,,,66.66666666666667,77.77777777777779,,
0.6-0.7,,,,,,
0.7-0.8,,,70.0,71.42857142857143,,
0.8-0.9,,,,,,
0.9-1.0,,,73.6842105263158,76.47058823529412,,
