consensus_label,1,2,3,4
1/5,40.0,50.0,25.0,20.0
2/5,100.0,20.0,11.11111111111111,25.0
3/5,27.27272727272727,28.57142857142857,33.33333333333333,50.0
4/5,33.33333333333333,28.57142857142857,25.0,100.0
5/5,75.0,44.44444444444444,40.0,25.0
