consensus_label,accuracy_%
0/5,0.0
1/5,31.25
2/5,25.0
3/5,33.33333333333333
4/5,37.5
5/5,45.45454545454545
