consensus_label,accuracy_%,coverage_%
0/5,0.0,0.8333333333333334
1/5,31.25,13.333333333333334
2/5,25.0,16.666666666666664
3/5,33.33333333333333,37.5
4/5,37.5,13.333333333333334
5/5,45.45454545454545,18.333333333333332
