consensus_label,coverage_%
3/5,37.5
5/5,18.333333333333332
2/5,16.666666666666664
4/5,13.333333333333334
1/5,13.333333333333334
0/5,0.8333333333333334
