vote_ratio_bucket,<=1s,1-2s,2-3s,3-5s,5-10s,>10s
0-0.6,,,,50.0,71.42857142857143,80.0
0.6-0.7,,,,0.0,,50.0
0.7-0.8,,,,50.0,50.0,55.55555555555556
0.8-0.9,,,,,,
0.9-1.0,,,0.0,61.76470588235294,75.0,63.1578947368421
