confidence,accuracy,count,accuracy_%
3.0,0.16666666666666666,6,16.666666666666664
4.0,0.425531914893617,94,42.5531914893617
5.0,0.65,20,65.0
