threshold,coverage_%,accuracy_%,n
1,100.0,45.0,120
2,100.0,45.0,120
3,100.0,45.0,120
4,95.0,46.49122807017544,114
5,16.666666666666664,65.0,20
