n_common,120.0
acc_zero_%,45.83333333333333
acc_few_%,44.166666666666664
same_answer_%,89.16666666666667
gain_%,3.3333333333333335
loss_%,5.0
