consensus_label,accuracy_%,coverage_%
2/5,25.0,3.3333333333333335
3/5,40.0,20.833333333333336
4/5,70.0,16.666666666666664
5/5,40.845070422535215,59.166666666666664
