consensus_label,coverage_%
5/5,59.166666666666664
3/5,20.833333333333336
4/5,16.666666666666664
2/5,3.3333333333333335
