answer,count,accuracy_%
1,25,64.0
2,36,38.88888888888889
3,33,54.54545454545454
4,26,57.692307692307686
