consensus_label,accuracy_%
2/5,0.0
3/5,32.142857142857146
4/5,36.0
5/5,57.57575757575758
