consensus_label,accuracy_%,coverage_%
2/5,0.0,0.8333333333333334
3/5,32.142857142857146,23.333333333333332
4/5,36.0,20.833333333333336
5/5,57.57575757575758,55.00000000000001
