consensus_label,accuracy_%
2/5,0
3/5,32.14285714
4/5,36
5/5,57.57575758
