consensus_label,coverage_%
5/5,55.00000000000001
3/5,23.333333333333332
4/5,20.833333333333336
2/5,0.8333333333333334
