answer,count,accuracy_%
1,18,66.66666666666666
2,38,34.21052631578947
3,37,45.94594594594595
4,27,44.44444444444444
