vote_ratio_bin,accuracy_%
"(-0.001, 0.1]",
"(0.1, 0.2]",
"(0.2, 0.3]",
"(0.3, 0.4]",100.0
"(0.4, 0.5]",33.33333333333333
"(0.5, 0.6]",48.148148148148145
"(0.6, 0.7]",
"(0.7, 0.8]",48.717948717948715
"(0.8, 0.9]",
"(0.9, 1.0]",58.333333333333336
