n_common,120.0
acc_zero_%,49.166666666666664
acc_few_%,45.0
same_answer_%,70.0
gain_%,7.5
loss_%,11.666666666666666
