conf_mean_bucket,1,2,3,4
0-20,,,,
20-40,,,,
40-60,,,,
60-80,53.84615384615385,33.33333333333333,50.0,60.0
80-100,52.63157894736842,26.08695652173913,14.285714285714285,47.368421052631575
