conf_mean_bin,accuracy_%
"(-0.001, 0.1]",
"(0.1, 0.2]",
"(0.2, 0.3]",
"(0.3, 0.4]",
"(0.4, 0.5]",
"(0.5, 0.6]",
"(0.6, 0.7]",0.0
"(0.7, 0.8]",48.837209302325576
"(0.8, 0.9]",35.483870967741936
"(0.9, 1.0]",35.714285714285715
