conf_vote_bin,accuracy_%
"(-0.001, 0.1]",
"(0.1, 0.2]",
"(0.2, 0.3]",
"(0.3, 0.4]",25.0
"(0.4, 0.5]",14.285714285714285
"(0.5, 0.6]",37.03703703703704
"(0.6, 0.7]",
"(0.7, 0.8]",31.03448275862069
"(0.8, 0.9]",
"(0.9, 1.0]",50.943396226415096
