threshold,coverage_%,accuracy_%,n
70.0,100.0,40.0,120
76.0,98.33333333333333,40.67796610169492,118
82.0,63.33333333333333,35.526315789473685,76
88.0,27.500000000000004,48.484848484848484,33
94.0,5.833333333333333,42.857142857142854,7
100.0,0.8333333333333334,100.0,1
