threshold,coverage_%,accuracy_%
70,100,40
76,98.33333333,40.6779661
82,63.33333333,35.52631579
88,27.5,48.48484848
94,5.833333333,42.85714286
100,0.833333333,100
