confidence,accuracy,count,accuracy_%
3,0.0,3,0.0
4,0.3698630136986301,73,36.986301369863014
5,0.4318181818181818,44,43.18181818181818
