threshold,coverage_%,accuracy_%,n
1,100.0,38.333333333333336,120
2,100.0,38.333333333333336,120
3,100.0,38.333333333333336,120
4,97.5,39.31623931623932,117
5,36.666666666666664,43.18181818181818,44
