answer_final,accuracy_%
1,58.620689655172406
2,48.275862068965516
3,40.0
4,40.625
