answer,count,accuracy_%
1,26,42.30769230769231
2,43,25.581395348837212
3,25,52.0
4,26,42.30769230769231
