conf_round,accuracy_%
80.0,50.0
82.0,50.0
83.0,100.0
85.0,33.33333333333333
86.0,50.0
87.0,0.0
88.0,53.333333333333336
90.0,44.44444444444444
92.0,50.0
93.0,0.0
94.0,66.66666666666666
96.0,100.0
100.0,100.0
