answer,count,accuracy_%
1,22,68.18181818181817
2,38,44.73684210526316
3,28,64.28571428571429
4,32,50.0
