answer,count,accuracy_%
1,32,43.75
2,35,28.57142857142857
3,25,40.0
4,28,39.285714285714285
