confidence,accuracy,count,accuracy_%
3,0.5454545454545454,22,54.54545454545454
4,0.4939759036144578,83,49.39759036144578
5,0.8,15,80.0
