threshold,coverage_%,accuracy_%,n
1,100.0,54.166666666666664,120
2,100.0,54.166666666666664,120
3,100.0,54.166666666666664,120
4,81.66666666666667,54.08163265306123,98
5,12.5,80.0,15
