answer,count,accuracy_%
1,39,51.28205128205128
2,36,30.555555555555557
3,30,63.33333333333333
4,15,40.0
