confidence,accuracy,count,accuracy_%
3,0.35,20,35.0
4,0.4489795918367347,98,44.89795918367347
5,1.0,2,100.0
