threshold,coverage_%,accuracy_%,n
1,100.0,44.166666666666664,120
2,100.0,44.166666666666664,120
3,100.0,44.166666666666664,120
4,83.33333333333334,46.0,100
5,1.6666666666666667,100.0,2
