vote_ratio_bucket,<=1s,1-2s,2-3s,3-5s,5-10s,>10s
0-0.6,,66.66666666666667,66.66666666666667,100.0,,
0.6-0.7,,,,,,
0.7-0.8,,61.53846153846154,64.70588235294117,100.0,,
0.8-0.9,,,,,,
0.9-1.0,,43.75,62.96296296296296,100.0,,100.0
