conf_mean_bucket,1,2,3,4
0-20,,,,
20-40,,,,
40-60,,,,
60-80,,,,
80-100,31.428571428571427,21.21212121212121,50.0,50.0
