threshold,coverage_%,accuracy_%,n
84.0,100.0,36.666666666666664,120
85.6,99.16666666666667,36.134453781512605,119
87.2,94.16666666666667,36.283185840707965,113
88.8,89.16666666666667,37.38317757009346,107
90.4,0.8333333333333334,0.0,1
92.0,0.8333333333333334,0.0,1
