threshold,coverage_%,accuracy_%
84,100,36.66666667
85.6,99.16666667,36.13445378
87.2,94.16666667,36.28318584
88.8,89.16666667,37.38317757
90.4,0.833333333,0
92,0.833333333,0
