confidence,accuracy,count,accuracy_%
4,0.5137614678899083,109,51.37614678899083
5,0.6363636363636364,11,63.63636363636363
