threshold,coverage_%,accuracy_%,n
1,100.0,52.5,120
2,100.0,52.5,120
3,100.0,52.5,120
4,100.0,52.5,120
5,9.166666666666666,63.63636363636363,11
