answer,count,accuracy_%
1,25,48.0
2,35,37.142857142857146
3,31,58.06451612903226
4,29,62.06896551724138
