n_common,120.0
acc_zero_%,40.0
acc_few_%,41.66666666666667
same_answer_%,78.33333333333333
gain_%,5.833333333333333
loss_%,4.166666666666666
