vote_ratio_bucket,2/5,3/5,4/5,5/5
0-0.6,87.76666666666667,87.12272727272727,,
0.6-0.7,,,,
0.7-0.8,,,88.4,
0.8-0.9,,,,
0.9-1.0,,,,89.25714285714285
