consensus_label,1,2,3,4
1/5,66.66666666666666,25.0,50.0,25.0
2/5,40.0,0.0,0.0,0.0
3/5,60.0,0.0,50.0,50.0
4/5,80.0,55.55555555555556,75.0,87.5
5/5,50.0,85.71428571428571,62.5,100.0
