consensus_label,accuracy_%
1/5,44.44444444444444
2/5,9.523809523809524
3/5,44.827586206896555
4/5,73.33333333333333
5/5,72.72727272727273
