consensus_label,accuracy_%,coverage_%
1/5,44.44444444444444,15.0
2/5,9.523809523809524,17.5
3/5,44.827586206896555,24.166666666666668
4/5,73.33333333333333,25.0
5/5,72.72727272727273,18.333333333333332
