consensus_label,coverage_%
4/5,25.0
3/5,24.166666666666668
5/5,18.333333333333332
2/5,17.5
1/5,15.0
