answer_final,accuracy_%
1,51.61290322580645
2,28.57142857142857
3,32.142857142857146
4,52.0
