answer,count,accuracy_%
1,22,63.63636363636363
2,37,37.83783783783784
3,31,45.16129032258064
4,30,50.0
