consensus_label,1,2,3,4
1/5,100.0,50.0,0.0,100.0
2/5,16.666666666666664,0.0,0.0,0.0
3/5,42.857142857142854,30.0,55.55555555555556,41.66666666666667
4/5,40.0,41.66666666666667,33.33333333333333,25.0
5/5,64.28571428571429,37.5,80.0,75.0
