consensus_label,accuracy_%
0/5,0.0
1/5,80.0
2/5,8.333333333333332
3/5,42.10526315789473
4/5,37.03703703703704
5/5,63.888888888888886
