consensus_label,accuracy_%,coverage_%
0/5,0.0,1.6666666666666667
1/5,80.0,4.166666666666666
2/5,8.333333333333332,10.0
3/5,42.10526315789473,31.666666666666664
4/5,37.03703703703704,22.5
5/5,63.888888888888886,30.0
