consensus_label,coverage_%
3/5,31.666666666666664
5/5,30.0
4/5,22.5
2/5,10.0
1/5,4.166666666666666
0/5,1.6666666666666667
