vote_ratio_bin,accuracy_%
"(-0.001, 0.1]",
"(0.1, 0.2]",
"(0.2, 0.3]",
"(0.3, 0.4]",0.0
"(0.4, 0.5]",25.0
"(0.5, 0.6]",31.57894736842105
"(0.6, 0.7]",
"(0.7, 0.8]",35.483870967741936
"(0.8, 0.9]",
"(0.9, 1.0]",45.90163934426229
