vote_ratio_bucket,accuracy_%
0-0.6,29.629629629629626
0.6-0.7,
0.7-0.8,29.411764705882355
0.8-0.9,
0.9-1.0,25.454545454545453
