vote_ratio_bucket,2/5,3/5,4/5,5/5
0-0.6,80.0,80.55833333333334,,
0.6-0.7,,,,
0.7-0.8,,,80.29411764705883,
0.8-0.9,,,,
0.9-1.0,,,,82.2909090909091
