answer,count,accuracy_%
1,28,46.42857142857143
2,42,38.095238095238095
3,25,52.0
4,25,44.0
