consensus_label,1,2,3,4
1/5,50.0,50.0,37.5,33.33333333333333
2/5,12.5,100.0,22.22222222222222,66.66666666666666
3/5,37.5,18.181818181818183,22.22222222222222,11.11111111111111
4/5,25.0,25.0,20.0,0.0
5/5,50.0,0.0,0.0,60.0
