consensus_label,accuracy_%
1/5,42.857142857142854
2/5,34.78260869565217
3/5,21.62162162162162
4/5,22.22222222222222
5/5,35.714285714285715
