consensus_label,accuracy_%
1/5,42.85714286
2/5,34.7826087
3/5,21.62162162
4/5,22.22222222
5/5,35.71428571
