consensus_label,coverage_%
3/5,30.833333333333336
1/5,23.333333333333332
2/5,19.166666666666668
4/5,15.0
5/5,11.666666666666666
