n_common,120.0
acc_zero_%,44.166666666666664
acc_few_%,54.166666666666664
same_answer_%,70.83333333333334
gain_%,15.0
loss_%,5.0
