exp_len_bucket,1,2,3,4
<=10,40.0,50.0,0.0,0.0
10-20,100.0,33.33333333333333,25.0,75.0
20-40,36.36363636363637,37.5,31.25,41.66666666666667
40-80,50.0,12.5,25.0,25.0
80-160,,,,
>160,,,,
