answer,count,accuracy_%
1,37,35.13513513513514
2,37,32.432432432432435
3,25,52.0
4,21,57.14285714285714
