confidence,accuracy,count,accuracy_%
4.0,0.39603960396039606,101,39.603960396039604
5.0,0.631578947368421,19,63.1578947368421
