vote_ratio_bucket,2/5,3/5,4/5,5/5
0-0.6,95.0,91.88260869565218,,
0.6-0.7,,,,
0.7-0.8,,88.35,92.375,
0.8-0.9,,,,
0.9-1.0,,,,93.43661971830986
