conf_mean_bucket,1,2,3,4
0-20,,,,
20-40,,,,
40-60,,,,
60-80,100.0,0.0,50.0,100.0
80-100,47.22222222222222,31.428571428571427,34.78260869565217,38.095238095238095
