threshold,coverage_%,accuracy_%,n
80.0,100.0,39.166666666666664,120
82.0,95.83333333333334,38.26086956521739,115
84.0,89.16666666666667,38.31775700934579,107
86.0,83.33333333333334,36.0,100
88.0,62.5,38.666666666666664,75
90.0,54.166666666666664,33.84615384615385,65
