threshold,coverage_%,accuracy_%
80,100,39.16666667
82,95.83333333,38.26086957
84,89.16666667,38.31775701
86,83.33333333,36
88,62.5,38.66666667
90,54.16666667,33.84615385
