confidence,accuracy,count,accuracy_%
4,0.41818181818181815,110,41.81818181818181
5,0.8,10,80.0
