answer,count,accuracy_%
1,27,74.07407407407408
2,34,50.0
3,32,59.375
4,26,57.692307692307686
