answer_final,accuracy_%
1,37.03703703703704
2,35.294117647058826
3,60.60606060606061
4,50.0
