answer,count,accuracy_%
1,26,50.0
2,37,27.027027027027028
3,29,20.689655172413794
4,28,35.714285714285715
