confidence,accuracy,count,accuracy_%
3,0.4375,16,43.75
4,0.4189189189189189,74,41.891891891891895
5,0.5,30,50.0
