threshold,coverage_%,accuracy_%,n
1,100.0,44.166666666666664,120
2,100.0,44.166666666666664,120
3,100.0,44.166666666666664,120
4,86.66666666666667,44.230769230769226,104
5,25.0,50.0,30
