answer,count,accuracy_%
1,32,65.625
2,30,50.0
3,27,66.66666666666666
4,30,46.666666666666664
