consensus_label,1,2,3,4
2/5,100.0,0.0,0.0,0.0
3/5,0.0,22.22222222222222,62.5,50.0
4/5,50.0,55.55555555555556,50.0,25.0
5/5,42.857142857142854,28.57142857142857,78.57142857142857,72.72727272727273
