consensus_label,accuracy_%
2/5,8.333333333333332
3/5,36.666666666666664
4/5,48.0
5/5,54.71698113207547
