consensus_label,accuracy_%,coverage_%
2/5,8.333333333333332,10.0
3/5,36.666666666666664,25.0
4/5,48.0,20.833333333333336
5/5,54.71698113207547,44.166666666666664
