consensus_label,coverage_%
5/5,44.166666666666664
3/5,25.0
4/5,20.833333333333336
2/5,10.0
