consensus_label,1,2,3,4
1/5,50.0,42.857142857142854,30.0,33.33333333333333
2/5,33.33333333333333,50.0,16.666666666666664,11.11111111111111
3/5,20.0,25.0,25.0,20.0
4/5,25.0,25.0,16.666666666666664,0.0
5/5,50.0,0.0,0.0,60.0
