consensus_label,accuracy_%,coverage_%
1/5,37.93103448275862,24.166666666666668
2/5,25.0,26.666666666666668
3/5,23.076923076923077,21.666666666666668
4/5,21.052631578947366,15.833333333333332
5/5,35.714285714285715,11.666666666666666
