consensus_label,accuracy_%
1/5,37.93103448275862
2/5,25.0
3/5,23.076923076923077
4/5,21.052631578947366
5/5,35.714285714285715
