consensus_label,coverage_%
2/5,26.666666666666668
1/5,24.166666666666668
3/5,21.666666666666668
4/5,15.833333333333332
5/5,11.666666666666666
