exp_len_bucket,1,2,3,4
<=10,,,,
10-20,,,,
20-40,,,,
40-80,58.620689655172406,48.275862068965516,41.37931034482759,40.625
80-160,,,0.0,
>160,,,,
