confidence,accuracy,count,accuracy_%
3,0.0,1,0.0
4,0.3333333333333333,27,33.33333333333333
5,0.45652173913043476,92,45.65217391304348
