threshold,coverage_%,accuracy_%,n
1,100.0,42.5,120
2,100.0,42.5,120
3,100.0,42.5,120
4,99.16666666666667,42.857142857142854,119
5,76.66666666666667,45.65217391304348,92
