vote_ratio_bucket,accuracy_%
0-0.6,19.230769230769234
0.6-0.7,
0.7-0.8,20.833333333333336
0.8-0.9,
0.9-1.0,48.57142857142857
