vote_ratio_bucket,2/5,3/5,4/5,5/5
0-0.6,89.175,89.39999999999999,,
0.6-0.7,,,,
0.7-0.8,,,89.6875,
0.8-0.9,,,,
0.9-1.0,,,90.0,89.79710144927536
