consensus_label,1,2,3,4
1/5,0.0,0.0,0.0,0.0
2/5,0.0,0.0,0.0,0.0
3/5,54.54545454545454,12.5,0.0,25.0
4/5,33.33333333333333,37.5,42.857142857142854,20.0
5/5,57.14285714285714,36.84210526315789,54.54545454545454,58.333333333333336
