consensus_label,accuracy_%,coverage_%
1/5,0.0,0.8333333333333334
2/5,0.0,2.5
3/5,28.57142857142857,23.333333333333332
4/5,34.375,26.666666666666668
5/5,50.0,46.666666666666664
