consensus_label,coverage_%
5/5,46.666666666666664
4/5,26.666666666666668
3/5,23.333333333333332
2/5,2.5
1/5,0.8333333333333334
