confidence,accuracy,count,accuracy_%
3,0.4,5,40.0
4,0.40425531914893614,47,40.42553191489361
5,0.7761194029850746,67,77.61194029850746
