answer,count,accuracy_%
1,33,57.57575757575758
2,34,32.35294117647059
3,27,66.66666666666666
4,26,42.30769230769231
