confidence,accuracy,count,accuracy_%
4,0.3392857142857143,56,33.92857142857143
5,0.484375,64,48.4375
