threshold,coverage_%,accuracy_%,n
1,100.0,41.66666666666667,120
2,100.0,41.66666666666667,120
3,100.0,41.66666666666667,120
4,100.0,41.66666666666667,120
5,53.333333333333336,48.4375,64
