answer_final,accuracy_%
1,50.0
2,41.935483870967744
3,48.275862068965516
4,40.625
