vote_ratio_bucket,accuracy_%
0-0.6,45.45454545454545
0.6-0.7,
0.7-0.8,48.717948717948715
0.8-0.9,
0.9-1.0,58.333333333333336
