vote_ratio_bucket,2/5,3/5,4/5,5/5
0-0.6,91.39999999999999,88.8851851851852,,
0.6-0.7,,,,
0.7-0.8,,,88.71794871794872,
0.8-0.9,,,,
0.9-1.0,,,,90.29166666666667
