answer,count,accuracy_%
1,28,46.42857142857143
2,41,31.70731707317073
3,25,44.0
4,26,38.46153846153847
