vote_ratio_bucket,0/5,1/5,2/5,3/5,4/5,5/5
0-0.6,,,89.5,86.67058823529412,,
0.6-0.7,,92.5,95.0,,,
0.7-0.8,,,,90.0,89.0,
0.8-0.9,,,,,,
0.9-1.0,,92.85714285714286,91.11111111111111,92.5,90.0,90.9090909090909
