confidence,accuracy,count,accuracy_%
4,0.5454545454545454,33,54.54545454545454
5,0.6162790697674418,86,61.627906976744185
