exp_len_bucket,1,2,3,4
<=10,,,,
10-20,,,,
20-40,100.0,,,
40-80,40.74074074074074,37.5,46.15384615384615,45.0
80-160,0.0,,,
>160,,,,
