confidence,accuracy,count,accuracy_%
3.0,0.23076923076923078,13,23.076923076923077
4.0,0.32941176470588235,85,32.94117647058823
5.0,0.36363636363636365,22,36.36363636363637
