threshold,coverage_%,accuracy_%,n
1,100.0,32.5,120
2,100.0,32.5,120
3,100.0,32.5,120
4,89.16666666666667,33.64485981308411,107
5,18.333333333333332,36.36363636363637,22
