exp_len_bucket,1,2,3,4
<=10,50.0,100.0,100.0,0.0
10-20,60.0,12.5,33.33333333333333,33.33333333333333
20-40,52.63157894736842,56.25,69.23076923076923,63.63636363636363
40-80,66.66666666666666,33.33333333333333,50.0,75.0
80-160,,,,
>160,,,,
