confidence,accuracy,count,accuracy_%
3,0.125,8,12.5
4,0.40425531914893614,47,40.42553191489361
5,0.5625,64,56.25
