answer,count,accuracy_%
1,27,44.44444444444444
2,33,30.303030303030305
3,31,41.935483870967744
4,29,44.827586206896555
